date,survivor,time,killer,map,self survived,total survived,bloodpoints,killersalt,survivorsalt,swfcount,perk1,perk2,perk3,perk4,crossplay,platform,notes
2021-05-01,Claudette,1925,Wraith,Shelter Woods,1,4,13600,,,2,Self-Care,Botany Knowledge,Empathy,Leader,1,PC,
2021-05-01,Adam,1942,Cannibal,Family Residence,0,0,8663,,,2,Autodidact,Diversion,Deliverance,None,1,PC,
2021-05-01,Adam,1956,Pyramid Head,Blood Lodge,1,2,16736,,,2,Autodidact,Diversion,Deliverance,None,1,PC,
2021-05-01,Claudette,2010,Deathslinger,Gas Heaven,0,1,13052,,,2,Self-Care,Botany Knowledge,Empathy,Leader,1,PC,
2021-05-01,Dwight,2036,Deathslinger,Treatment Theater,1,4,23438,,,4,Ace in the Hole,Plunderer's Instinct,Appraisal,Bond,1,PC,
2021-05-01,Dwight,2053,Legion,Coal Tower,0,2,12011,,,4,Ace in the Hole,Plunderer's Instinct,Appraisal,Bond,1,PC,
2021-05-01,Claudette,2112,Pyramid Head,Azarov's Resting Place,0,0,14987,,,4,Self-Care,Botany Knowledge,Empathy,Prove Thyself,1,PC,
2021-05-01,Claudette,2129,Cannibal,Coal Tower,1,3,19119,,,4,Self-Care,Botany Knowledge,Empathy,Leader,1,PC,
2021-05-03,Claudette,818,Deathslinger,Wrecker's Yard,1,4,21352,,,1,Self-Care,Botany Knowledge,Empathy,Prove Thyself,1,PC,
2021-05-04,Nancy,1550,Huntress,Shelter Woods,1,3,16084,,,1,Fixated,Inner Strength,Better Together,None,1,PC,
2021-05-04,Claudette,1610,Hillbilly,Rotten Fields,1,2,18895,,,1,Self-Care,Botany Knowledge,Empathy,Leader,1,PC,
2021-05-04,Claudette,1631,Spirit,Fractured Cowshed,1,4,18434,,,1,Self-Care,Botany Knowledge,Empathy,Leader,1,PC,
2021-05-04,Claudette,1730,Doctor,Fractured Cowshed,1,4,19008,,,1,Self-Care,Botany Knowledge,Empathy,Leader,1,PC,
2021-05-04,Claudette,1747,Twins,Blood Lodge,0,0,16634,,,1,Self-Care,Botany Knowledge,Empathy,Prove Thyself,1,PC,
2021-05-04,Claudette,1807,Cannibal,Treatment Theater,0,2,12064,,,1,Self-Care,Botany Knowledge,Empathy,Prove Thyself,1,PC,
2021-05-04,Claudette,2049,Huntress,Pale Rose,1,4,21651,,,1,Self-Care,Botany Knowledge,Empathy,Prove Thyself,1,PC,
2021-05-04,Claudette,2109,Demogorgon,Gas Heaven,1,4,14708,,,1,Self-Care,Botany Knowledge,Empathy,Leader,1,PC,
2021-05-04,Laurie,1948,Demogorgon,Ormond,1,2,21566,,,1,Decisive Strike,Object of Obsession,Sole Survivor,None,1,PC,
2021-05-04,Claudette,2214,Deathslinger,Gas Heaven,1,2,26388,,,2,Self-Care,Botany Knowledge,Empathy,Leader,1,PC,
2021-05-04,Yui,2236,Oni,Hawkins,1,1,24351,,,2,Any Means Necessary,Breakout,Lucky Break,None,1,PC,
2021-05-04,Claudette,2251,Demogorgon,Mother's Dwelling,0,0,4573,,,2,Self-Care,Botany Knowledge,Empathy,Leader,1,PC,
2021-05-05,Claudette,503,Deathslinger,Wrecker's Yard,1,4,19953,,,1,Self-Care,Botany Knowledge,Empathy,Leader,1,PC,
2021-05-05,Claudette,520,Trickster,Mother's Dwelling,0,0,18777,,,1,Self-Care,Botany Knowledge,Empathy,Leader,1,PC,
2021-05-05,Jake,536,Trickster,Grim Pantry,1,4,23190,,,1,Iron Will,Calm Spirit,Saboteur,Prove Thyself,1,PC,
2021-05-05,Jake,557,Trapper,Badham Preschool,0,0,17169,,,1,Iron Will,Calm Spirit,Saboteur,Prove Thyself,1,PC,
2021-05-05,Dwight,609,Huntress,Temple of Purgation,0,2,4539,,,1,Ace in the Hole,Plunderer's Instinct,Appraisal,Bond,1,PC,
2021-05-05,Dwight,627,Huntress,Fractured Cowshed,1,3,20371,,,1,Ace in the Hole,Plunderer's Instinct,Appraisal,Bond,1,PC,
2021-05-05,Dwight,639,Cannibal,Blood Lodge,0,0,14013,,,1,Ace in the Hole,Plunderer's Instinct,Appraisal,Bond,1,PC,
2021-05-05,Claudette,657,Oni,Grim Pantry,1,3,18777,,,1,Self-Care,Botany Knowledge,Empathy,Leader,1,PC,
2021-05-05,Claudette,737,Doctor,Father Campbell's Chapel,1,3,17060,,,1,Self-Care,Botany Knowledge,Empathy,Leader,1,PC,
2021-05-05,Claudette,752,Doctor,Torment Creek,1,3,15814,,,1,Self-Care,Botany Knowledge,Empathy,Leader,1,PC,
2021-05-05,Felix,809,Doctor,Rancid Abattoir,1,1,23928,,,1,Desperate Measures,Small Game,Built to Last,None,1,PC,
2021-05-05,Felix,821,Doctor,Torment Creek,0,0,10754,,,1,Desperate Measures,Small Game,Built to Last,None,1,PC,
2021-05-05,Claudette,2009,Doctor,The Game,0,0,16737,,,2,Self-Care,Botany Knowledge,Empathy,Leader,1,PC,
2021-05-05,Claudette,2028,Clown,Gas Heaven,1,2,22745,,,2,Self-Care,Botany Knowledge,Empathy,Leader,1,PC,
2021-05-05,Claudette,2110,Deathslinger,Grim Pantry,1,4,22664,,,2,Self-Care,Botany Knowledge,Empathy,Leader,1,PC,
2021-05-05,Claudette,2130,Hillbilly,Fractured Cowshed,1,3,21397,,,2,Self-Care,Botany Knowledge,Empathy,Leader,1,PC,
2021-05-05,Claudette,2149,Plague,Ormond,1,3,20303,,,2,Self-Care,Botany Knowledge,Empathy,Leader,1,PC,
2021-05-06,Claudette,236,Demogorgon,Rotten Fields,1,4,24261,,,1,Self-Care,Botany Knowledge,Empathy,Leader,1,PC,
2021-05-06,Claudette,255,Huntress,Haddonfield,0,0,17217,,,1,Self-Care,Botany Knowledge,Empathy,Leader,1,PC,
2021-05-06,Bill,314,Oni,Torment Creek,1,4,20628,,,1,Unbreakable,Borrowed Time,Kindred,We'll Make It,1,PC,
2021-05-06,Bill,342,Cannibal,Midwich,0,0,15156,,,1,Unbreakable,Borrowed Time,Kindred,We'll Make It,1,PC,
2021-05-06,Bill,416,Oni,Family Residence,0,3,14329,,,1,Unbreakable,Borrowed Time,Kindred,We'll Make It,1,PC,
2021-05-06,Claudette,433,Wraith,Rotten Fields,0,1,15583,,,1,Self-Care,Botany Knowledge,Empathy,Leader,1,PC,
2021-05-06,Claudette,516,Doctor,Coal Tower,0,0,13737,,,1,Self-Care,Botany Knowledge,Empathy,Leader,1,PC,
2021-05-06,Meg,533,Cannibal,Rotten Fields,0,1,17296,,,1,Quick and Quiet,Sprint Burst,Adrenaline,Resilience,1,PC,
2021-05-06,Meg,948,Clown,Groaning Storehouse,1,4,19480,,,1,Quick and Quiet,Sprint Burst,Adrenaline,Bond,1,PC,
2021-05-06,Meg,1008,Trickster,Azarov's Resting Place,0,0,6995,,,1,Quick and Quiet,Sprint Burst,Adrenaline,Resilience,1,PC,
2021-05-06,Meg,1022,Wraith,Sanctum of Wrath,1,4,22575,,,1,Quick and Quiet,Sprint Burst,Adrenaline,Resilience,1,PC,
2021-05-06,Meg,1056,Cannibal,Mother's Dwelling,0,1,17560,,,1,Quick and Quiet,Sprint Burst,Adrenaline,Resilience,1,PC,
2021-05-06,Felix,1038,Deathslinger,Treatment Theater,0,1,11718,,,1,Visionary,Small Game,Built to Last,None,1,PC,
2021-05-05,Dwight,1114,Trapper,Groaning Storehouse,1,2,20447,,,1,Ace in the Hole,Plunderer's Instinct,Appraisal,Bond,1,PC,
2021-05-05,Dwight,1131,Clown,Treatment Theater,1,4,17189,,,1,Ace in the Hole,Plunderer's Instinct,Appraisal,Bond,1,PC,
2021-05-06,Meg,1308,Plague,Ormond,1,4,19729,,,1,Quick and Quiet,Sprint Burst,Adrenaline,Plunderer's Instinct,1,PC,
2021-05-06,Bill,1323,Wraith,Rotten Fields,0,NA,10834,,,1,Unbreakable,Borrowed Time,Kindred,Spine Chill,1,PC,
2021-05-06,Bill,1338,Wraith,Wrecker's Yard,0,0,11240,,,1,Unbreakable,Borrowed Time,Kindred,Spine Chill,1,PC,
2021-05-06,Meg,1404,Cannibal,Coal Tower,0,0,9024,,,1,Quick and Quiet,Sprint Burst,Adrenaline,Decisive Strike,1,PC,
2021-05-06,Meg,1418,Plague,Suffocation Pit,1,4,20916,,,1,Quick and Quiet,Sprint Burst,Adrenaline,Decisive Strike,1,PC,
2021-05-06,Meg,1446,Cannibal,Midwich,0,2,12584,,,1,Quick and Quiet,Sprint Burst,Adrenaline,Decisive Strike,1,PC,
2021-05-06,Meg,1501,Wraith,Mother's Dwelling,0,0,11048,,,1,Spine Chill,Sprint Burst,Adrenaline,Decisive Strike,1,PC,
2021-05-06,Meg,1528,Huntress,Azarov's Resting Place,0,0,17032,,,1,Spine Chill,Sprint Burst,Adrenaline,Decisive Strike,1,PC,
2021-05-06,Meg,1600,Nurse,Mother's Dwelling,1,3,21899,,,1,Spine Chill,Sprint Burst,Adrenaline,Decisive Strike,1,PC,
2021-05-06,Meg,1616,Ghostface,Sanctum of Wrath,0,2,18739,,,1,Spine Chill,Sprint Burst,Adrenaline,Decisive Strike,1,PC,
2021-05-06,Meg,1637,Hillbilly,Grim Pantry,0,3,19018,,,1,Spine Chill,Sprint Burst,Adrenaline,Decisive Strike,1,PC,
2021-05-06,Claudette,1653,Hag,Shelter Woods,0,2,24808,,,1,Self-Care,Botany Knowledge,Empathy,Leader,1,PC,
2021-05-06,Meg,1838,Nurse,Blood Lodge,0,0,14684,,,1,Spine Chill,Sprint Burst,Adrenaline,Decisive Strike,1,PC,
2021-05-06,Meg,2329,Twins,Temple of Purgation,0,0,13605,,,1,Spine Chill,Sprint Burst,Adrenaline,Decisive Strike,1,PC,
2021-05-07,Meg,42,Deathslinger,Dead Dog Saloon,1,2,15270,,,1,Spine Chill,Sprint Burst,Adrenaline,Decisive Strike,1,PC,
2021-05-07,Meg,100,Trickster,The Game,1,4,16309,,,1,Spine Chill,Sprint Burst,Adrenaline,Decisive Strike,1,PC,
2021-05-07,Meg,151,Plague,Treatment Theater,0,1,12540,,,1,Spine Chill,Sprint Burst,Adrenaline,Decisive Strike,1,PC,
2021-05-07,Nancy,217,Cannibal,Coal Tower,1,4,16986,,,1,Fixated,Inner Strength,Bond,Spine Chill,1,PC,
2021-05-07,Claudette,232,Doctor,Azarov's Resting Place,0,0,14390,,,1,Self-Care,Botany Knowledge,Empathy,Leader,1,PC,
2021-05-07,Meg,1558,Plague,Fractured Cowshed,1,2,21386,,,1,Spine Chill,Sprint Burst,Adrenaline,Decisive Strike,1,PC,
2021-05-07,Nancy,1709,Pig,Family Residence,0,0,18486,,,1,Spine Chill,Inner Strength,Fixated,Bond,1,PC,
2021-05-07,Felix,1735,Cannibal,Suffocation Pit,1,1,13683,,,1,Decisive Strike,Small Game,Built to Last,Visionary,1,PC,
2021-05-07,Claudette,2334,Pyramid Head,Fractured Cowshed,1,2,24476,,,1,Self-Care,Botany Knowledge,Empathy,We'll Make It,1,PC,
2021-05-08,Nancy,159,Twins,Groaning Storehouse,1,4,13739,,,1,Fixated,Inner Strength,Bond,Spine Chill,1,PC,
2021-05-08,Nancy,215,Ghostface,Fractured Cowshed,1,4,16175,,,1,Fixated,Inner Strength,Adrenaline,Spine Chill,1,PC,
2021-05-08,Bill,234,Spirit,Sanctum of Wrath,0,0,18621,,,1,Unbreakable,Borrowed Time,Kindred,Spine Chill,1,PC,
2021-05-08,Bill,1317,Nurse,Ormond,0,0,16435,,,1,Unbreakable,Borrowed Time,Kindred,Spine Chill,1,PC,
2021-05-09,Claudette,2317,Cannibal,Shelter Woods,1,4,14476,,,1,Self-Care,Botany Knowledge,Empathy,We'll Make It,1,PC,
2021-05-09,Nancy,2344,Demogorgon,Azarov's Resting Place,1,3,26772,,,1,Fixated,Inner Strength,Adrenaline,Spine Chill,1,PC,
2021-05-11,Ace,101,Spirit,Wrecker's Yard,0,0,13329,,,1,Plunderer's Instinct,Ace in the Hole,Appraisal,Bond,1,PC,
2021-05-11,Ace,117,Huntress,Wretched Shop,0,0,9172,,,1,Plunderer's Instinct,Ace in the Hole,Appraisal,Bond,1,PC,
2021-05-11,Ace,139,Nurse,Dead Dog Saloon,0,0,13818,,,1,Plunderer's Instinct,Ace in the Hole,Appraisal,Bond,1,PC,
2021-05-11,Nancy,153,Plague,Mother's Dwelling,1,4,14457,,,1,Fixated,Inner Strength,Sprint Burst,Spine Chill,1,PC,
2021-05-11,Nancy,215,Clown,Temple of Purgation,1,2,20906,,,1,Fixated,Inner Strength,Sprint Burst,Spine Chill,1,PC,
2021-05-11,Nancy,229,Pyramid Head,Groaning Storehouse,0,1,5429,,,1,Fixated,Inner Strength,Sprint Burst,Spine Chill,1,PC,
2021-05-11,Nancy,248,Oni,Torment Creek,0,3,13955,,,1,Fixated,Inner Strength,Sprint Burst,Spine Chill,1,PC,
2021-05-11,Nancy,308,Doctor,Mother's Dwelling,1,1,24164,,,1,Fixated,Inner Strength,Sprint Burst,Spine Chill,1,PC,
2021-05-11,Nancy,320,Hag,Father Campbell's Chapel,0,0,4881,,,1,Fixated,Inner Strength,Sprint Burst,Spine Chill,1,PC,
2021-05-11,Bill,337,Hag,Wrecker's Yard,0,1,12587,,,1,Unbreakable,Borrowed Time,Kindred,Spine Chill,1,PC,
2021-05-11,Bill,758,Wraith,Badham Preschool,0,0,11064,,,1,Unbreakable,Borrowed Time,Kindred,Spine Chill,1,PC,
2021-05-11,Nancy,1508,Ghostface,Gas Heaven,0,2,8960,,,1,Fixated,Inner Strength,Sprint Burst,Spine Chill,1,PC,
2021-05-11,Nancy,1524,Clown,Mother's Dwelling,1,3,14511,,,1,Fixated,Inner Strength,Sprint Burst,Spine Chill,1,PC,
2021-05-11,Nancy,1539,Trapper,Wrecker's Yard,1,4,14047,,,1,Fixated,Inner Strength,Sprint Burst,Spine Chill,1,PC,
2021-05-11,Nancy,1558,Nurse,Sanctum of Wrath,0,0,14184,,,1,Fixated,Inner Strength,Sprint Burst,Spine Chill,1,PC,
2021-05-11,Bill,2329,Oni,Grim Pantry,0,0,20882,,,1,Unbreakable,Adrenaline,Borrowed Time,Spine Chill,1,PC,
2021-05-11,Claudette,2244,Myers,Ormond,1,3,15017,,,1,Self-Care,Botany Knowledge,Empathy,We'll Make It,1,PC,
2021-05-11,Claudette,2303,Deathslinger,Dead Dog Saloon,1,4,20555,,,1,Self-Care,Botany Knowledge,Empathy,We'll Make It,1,PC,
2021-05-12,Bill,453,Hillbilly,Badham Preschool,0,3,13316,,,1,Unbreakable,Adrenaline,Borrowed Time,Spine Chill,1,PC,
2021-05-12,Nancy,507,Blight,Azarov's Resting Place,1,4,19590,,,1,Fixated,Inner Strength,Sprint Burst,Spine Chill,1,PC,
2021-05-12,Nancy,522,Cannibal,Wrecker's Yard,0,1,13558,,,1,Fixated,Inner Strength,Sprint Burst,Spine Chill,1,PC,
2021-05-12,Claudette,539,Ghostface,Shelter Woods,0,0,15850,,,1,Self-Care,Botany Knowledge,Empathy,We'll Make It,1,PC,
2021-05-12,Bill,621,Freddy,Coal Tower,0,1,19028,,,1,Unbreakable,Adrenaline,Inner Strength,Small Game,1,PC,
2021-05-12,Bill,641,Freddy,Dead Dog Saloon,1,4,23376,,,1,Unbreakable,Adrenaline,Inner Strength,Small Game,1,PC,
2021-05-12,Felix,744,Hillbilly,Ironworks of Misery,1,4,14061,,,1,Decisive Strike,Small Game,Spine Chill,Sprint Burst,1,PC,
2021-05-12,Felix,800,Oni,Rotten Fields,0,0,9592,,,1,Decisive Strike,Small Game,Sprint Burst,Object of Obsession,1,PC,
2021-05-12,Felix,814,Huntress,Grim Pantry,1,3,18501,,,1,Decisive Strike,Small Game,Spine Chill,Sprint Burst,1,PC,
2021-05-12,Felix,1616,Doctor,Gas Heaven,1,4,19129,,,1,Decisive Strike,Small Game,Spine Chill,Sprint Burst,1,PC,
2021-05-12,Felix,1639,Huntress,Grim Pantry,0,0,13751,,,1,Decisive Strike,Small Game,Spine Chill,Sprint Burst,1,PC,
2021-05-12,Felix,1701,Trapper,Wrecker's Yard,1,1,22053,,,1,Decisive Strike,Small Game,Spine Chill,Sprint Burst,1,PC,
2021-05-12,Felix,2142,Plague,Sanctum of Wrath,0,2,23982,,,2,Decisive Strike,Small Game,Spine Chill,Sprint Burst,1,PC,
2021-05-12,Felix,2204,Deathslinger,Treatment Theater,0,2,18885,,,2,Decisive Strike,Dark Sense,Spine Chill,Sprint Burst,1,PC,
2021-05-12,Felix,2227,Pig,Badham Preschool,0,1,16150,,,2,Decisive Strike,Small Game,Spine Chill,Sprint Burst,1,PC,
2021-05-13,Felix,456,Blight,Grim Pantry,0,0,8287,,,1,Decisive Strike,Small Game,Spine Chill,Sprint Burst,1,PC,
2021-05-15,Felix,1317,Trickster,Haddonfield,1,3,23081,,,2,Decisive Strike,Small Game,Spine Chill,Sprint Burst,1,PC,
2021-05-15,Felix,1330,Ghostface,Hawkins,0,1,10083,,,2,Decisive Strike,Small Game,Spine Chill,Sprint Burst,1,PC,
2021-05-15,Felix,1350,Wraith,Grim Pantry,0,0,11108,,,2,Decisive Strike,Small Game,Spine Chill,Sprint Burst,1,PC,
2021-05-15,Felix,1401,Deathslinger,Mother's Dwelling,0,0,10667,,,2,Decisive Strike,Small Game,Spine Chill,Sprint Burst,1,PC,
2021-05-15,Felix,1428,Myers,Torment Creek,1,2,19809,,,3,Decisive Strike,Small Game,Spine Chill,Sprint Burst,1,PC,
2021-05-15,Felix,1445,Cannibal,Coal Tower,1,3,16334,,,4,Decisive Strike,Small Game,Spine Chill,Sprint Burst,1,PC,
2021-05-15,Felix,1501,Trickster,Hawkins,1,4,23354,,,4,Decisive Strike,Small Game,Spine Chill,Sprint Burst,1,PC,
2021-05-15,Felix,1510,Huntress,Coal Tower,0,4,4194,,,4,Decisive Strike,Small Game,Spine Chill,Sprint Burst,1,PC,
2021-05-17,Felix,347,Doctor,Disturbed Ward,0,1,19549,,,1,Sprint Burst,Decisive Strike,Spine Chill,Object of Obsession,1,PC,
2021-05-17,Felix,401,Cannibal,Coal Tower,0,1,14542,,,1,Sprint Burst,Decisive Strike,Spine Chill,Object of Obsession,1,PC,
2021-05-17,Felix,413,Spirit,Mother's Dwelling,1,4,11921,,,1,Sprint Burst,Decisive Strike,Spine Chill,Object of Obsession,1,PC,
2021-05-17,Felix,428,Myers,Shelter Woods,0,2,11261,,,1,Sprint Burst,Decisive Strike,Spine Chill,Object of Obsession,1,PC,
2021-05-17,Felix,444,Pig,Wrecker's Yard,1,2,18887,,,1,Sprint Burst,Decisive Strike,Spine Chill,Object of Obsession,1,PC,
2021-05-17,Felix,747,Spirit,Gas Heaven,0,0,17188,,,1,Sprint Burst,Decisive Strike,Spine Chill,Object of Obsession,1,PC,
2021-05-20,Felix,232,Deathslinger,The Game,0,0,15805,,,1,Sprint Burst,Decisive Strike,Spine Chill,Small Game,1,PC,
2021-05-21,Felix,2003,Huntress,Ironworks of Misery,1,3,22410,,,2,Sprint Burst,Decisive Strike,Spine Chill,Small Game,1,PC,
2021-05-21,Felix,2021,Myers,Father Campbell's Chapel,1,0,22759,,,2,Sprint Burst,Decisive Strike,Spine Chill,Small Game,1,PC,
2021-05-21,Felix,2202,Oni,Father Campbell's Chapel,0,2,25934,,,2,Sprint Burst,Decisive Strike,Spine Chill,Small Game,1,PC, 
2021-05-21,Claudette,2121,Cannibal,Ormond,0,0,15992,,,2,Self-Care,Botany Knowledge,Empathy,We'll Make It,1,PC,
2021-05-21,Felix,2219,Nurse,Mother's Dwelling,1,4,20640,,,2,Sprint Burst,Decisive Strike,Spine Chill,Small Game,1,PC,
2021-05-21,Felix,2238,Myers,Azarov's Resting Place,0,0,14837,,,2,Sprint Burst,Decisive Strike,Spine Chill,Small Game,1,PC,
2021-05-22,Felix,1046,Hag,Temple of Purgation,1,1,25965,,,2,Sprint Burst,Decisive Strike,Spine Chill,Small Game,1,PC,
2021-05-22,Felix,1101,Huntress,Dead Dog Saloon,1,2,25973,,,2,Sprint Burst,Decisive Strike,Spine Chill,Small Game,1,PC,
2021-05-22,Felix,1116,Wraith,Hawkins,0,0,13357,,,2,Sprint Burst,Decisive Strike,Spine Chill,Small Game,1,PC,
2021-05-22,Felix,1133,Freddy,Sanctum of Wrath,0,1,7891,,,3,Sprint Burst,Decisive Strike,Spine Chill,Small Game,1,PC,
2021-05-22,Felix,1148,Freddy,Ironworks of Misery,1,2,17265,,,3,Sprint Burst,Decisive Strike,Spine Chill,Small Game,1,PC,
2021-05-21,Claudette,1205,Doctor,Midwich,0,0,14613,,,4,Self-Care,Botany Knowledge,Empathy,Prove Thyself,1,PC,
2021-05-23,Felix,1730,Doctor,Badham Preschool,1,4,23680,,,2,Inner Strength,Decisive Strike,Spine Chill,Small Game,1,PC,
2021-05-23,Felix,1745,Trickster,Ormond,0,0,15396,,,2,Inner Strength,Decisive Strike,Spine Chill,Small Game,1,PC,
2021-05-23,Felix,1806,Plague,Father Campbell's Chapel,0,0,22233,,,2,Inner Strength,Quick and Quiet,Spine Chill,Small Game,1,PC,
2021-05-23,Felix,1835,Plague,Disturbed Ward,0,3,11063,,,4,Inner Strength,Decisive Strike,Spine Chill,Small Game,1,PC,
2021-05-23,Feng,1819,Blight,Temple of Purgation,1,4,16996,,,4,Alert,Technician,Lithe,None,1,PC,
2021-05-23,Felix,1921,Wraith,Rotten Fields,0,0,18410,,,4,Inner Strength,Decisive Strike,Spine Chill,Small Game,1,PC,
2021-05-23,Felix,1939,Myers,Temple of Purgation,1,3,25099,,,4,Inner Strength,Decisive Strike,Spine Chill,Small Game,1,PC,
2021-05-23,Felix,2000,Huntress,Temple of Purgation,1,4,26185,,,2,Inner Strength,Decisive Strike,Spine Chill,Small Game,1,PC,
2021-05-23,Felix,2027,Myers,Father Campbell's Chapel,1,4,19985,,,2,Inner Strength,Decisive Strike,Spine Chill,Small Game,1,PC,
2021-05-24,Felix,355,Hillbilly,Treatment Theater,0,2,17450,,,1,Inner Strength,Decisive Strike,Spine Chill,Small Game,1,PC,
2021-05-24,Felix,408,Freddy,Groaning Storehouse,0,0,9678,,,1,Inner Strength,Decisive Strike,Spine Chill,Small Game,1,PC,
2021-05-24,Felix,2213,Ghostface,Grim Pantry,0,0,21626,,,2,Inner Strength,Decisive Strike,Spine Chill,Small Game,1,PC,
2021-05-24,Felix,2234,Huntress,Ormond,0,1,11906,,,2,Inner Strength,Decisive Strike,Spine Chill,Small Game,1,PC,
2021-05-24,Felix,2258,Wraith,Haddonfield,1,3,19544,,,2,Inner Strength,Decisive Strike,Spine Chill,Small Game,1,PC,
2021-05-24,Tapp,2323,Blight,Torment Creek,0,2,24265,,,2,Stake Out,Tenacity,Detective's Hunch,None,1,PC,
2021-05-24,Tapp,2115,Pig,Azarov's Resting Place,0,2,15383,,,2,Stake Out,Tenacity,Detective's Hunch,None,1,PC,
2021-05-24,Tapp,2136,Huntress,Temple of Purgation,1,2,16507,,,2,Stake Out,Tenacity,Detective's Hunch,None,1,PC,
2021-05-23,Felix,2158,Twins,Dead Dog Saloon,0,1,22463,,,2,Inner Strength,Decisive Strike,Spine Chill,Small Game,1,PC,
2021-05-30,Felix,820,Huntress,Haddonfield,1,4,16149,,,1,Inner Strength,Decisive Strike,Spine Chill,Small Game,1,PC,
2021-05-30,Felix,838,Legion,Azarov's Resting Place,1,2,27484,,,1,Inner Strength,Decisive Strike,Spine Chill,Small Game,1,PC,
2021-05-31,Felix,1049,Trickster,Groaning Storehouse,0,0,13585,,,2,Inner Strength,Decisive Strike,Spine Chill,Small Game,1,PC,
2021-05-31,Felix,1104,Hag,Blood Lodge,1,2,19441,,,2,Inner Strength,Decisive Strike,Spine Chill,Small Game,1,PC,
2021-05-31,Felix,1118,Doctor,Grim Pantry,0,0,22642,,,2,Inner Strength,Decisive Strike,Spine Chill,Small Game,1,PC,
2021-05-31,Felix,1208,Pyramid Head,Ironworks of Misery,1,2,17339,,,2,Inner Strength,Decisive Strike,Spine Chill,Small Game,1,PC,
2021-05-31,Felix,1224,Deathslinger,Ormond,1,1,16881,,,2,Inner Strength,Decisive Strike,Spine Chill,Small Game,1,PC,
2021-06-02,Felix,235,Freddy,Torment Creek,1,3,17767,,,1,Inner Strength,Decisive Strike,Spine Chill,Small Game,1,PC,
2021-06-02,Felix,252,Demogorgon,Groaning Storehouse,1,4,20778,,,1,Inner Strength,Decisive Strike,Spine Chill,Small Game,1,PC,
2021-06-02,Felix,309,Plague,Torment Creek,0,3,16273,,,1,Inner Strength,Decisive Strike,Spine Chill,Small Game,1,PC,
2021-06-04,Felix,2245,Wraith,Family Residence,0,0,17992,,,2,Inner Strength,Decisive Strike,Spine Chill,Small Game,1,PC,
2021-06-04,Felix,2306,Pig,Midwich,1,4,19970,,,2,Inner Strength,Decisive Strike,Spine Chill,Small Game,1,PC,
2021-06-04,Felix,2331,Doctor,Badham Preschool,0,0,18083,,,2,Inner Strength,Decisive Strike,Spine Chill,Small Game,1,PC,
2021-06-04,Felix,2350,Trapper,Mother's Dwelling,0,3,8668,,,2,Inner Strength,Decisive Strike,Spine Chill,Small Game,1,PC,
2021-06-05,Felix,925,Wraith,Gas Heaven,0,1,12937,,,2,Inner Strength,Sprint Burst,Fixated,Small Game,1,PC,
2021-06-05,Felix,940,Freddy,Midwich,1,1,26243,,,2,Inner Strength,Decisive Strike,Spine Chill,Small Game,1,PC,
2021-06-05,Dwight,1018,Clown,Suffocation Pit,1,2,17239,,,2,Ace in the Hole,Bond,Appraisal,Plunderer's Instinct,1,PC,
2021-06-05,Dwight,1033,Pyramid Head,Grim Pantry,1,4,17239,,,2,Ace in the Hole,Bond,Appraisal,Plunderer's Instinct,1,PC,
2021-06-05,Dwight,1105,Cannibal,Wrecker's Yard,0,0,16852,,,2,Ace in the Hole,Bond,Appraisal,Plunderer's Instinct,1,PC,
2021-06-05,David,1115,Twins,Mother's Dwelling,0,2,13679,,,2,WGLF,Decisive Strike,Dead Hard,Small Game,1,PC,
2021-06-05,David,1135,Legion,Suffocation Pit,0,0,12990,,,2,WGLF,Decisive Strike,Dead Hard,Small Game,1,PC,
2021-06-05,David,2043,Plague,Haddonfield,0,0,14015,,,2,WGLF,Decisive Strike,Dead Hard,Small Game,1,PC,
2021-06-05,Felix,2107,Freddy,Hawkins,1,3,22362,,,4,Inner Strength,Decisive Strike,Spine Chill,Small Game,1,PC,
2021-06-05,Felix,2126,Nurse,Disturbed Ward,1,4,16355,,,4,Inner Strength,Decisive Strike,Spine Chill,Small Game,1,PC,
2021-06-05,Felix,2143,Deathslinger,Pale Rose,1,4,24842,,,4,Inner Strength,Sprint Burst,Spine Chill,Small Game,1,PC,
2021-06-05,Felix,2206,Huntress,Wretched Shop,1,2,23246,,,4,Inner Strength,Bond,Spine Chill,Small Game,1,PC,
2021-06-05,Claudette,2224,Huntress,The Game,1,4,10959,,,4,Self-Care,Botany Knowledge,Empathy,Leader,1,PC,
2021-06-05,Claudette,2308,Nurse,Pale Rose,1,3,23768,,,4,Self-Care,Botany Knowledge,Empathy,Leader,1,PC,
2021-06-05,Claudette,1007,Legion,Haddonfield,1,3,18472,,,2,Self-Care,Botany Knowledge,Empathy,Leader,1,PC,
2021-06-05,Yun-Jin,1047,Huntress,Groaning Storehouse,1,2,19676,,,2,Self-Preservation,Fast Track,Smash Hit,None,1,PC,
2021-06-07,Claudette,2056,Wraith,Grim Pantry,0,0,14089,,,2,Self-Care,Botany Knowledge,Empathy,Leader,1,PC,
2021-06-07,Claudette,2120,Hag,Azarov's Resting Place,0,2,15705,,,2,Self-Care,Botany Knowledge,Empathy,Leader,1,PC,
2021-06-07,Claudette,2139,Deathslinger,Azarov's Resting Place,0,1,17503,,,2,Self-Care,Botany Knowledge,Empathy,We'll Make It,1,PC,
2021-06-07,Tapp,2216,Clown,Grim Pantry,1,4,15747,,,2,Stake Out,This Is Not Happening,Visionary,Prove Thyself,1,PC,
2021-06-07,Tapp,2236,Hag,Gas Heaven,1,3,19487,,,2,Stake Out,This Is Not Happening,Visionary,Prove Thyself,1,PC,
2021-06-08,Felix,906,Nurse,Mother's Dwelling,0,1,15535,,,1,Decisive Strike,Spine Chill,Stake Out,Prove Thyself,1,PC,
2021-06-08,Felix,1022,Cannibal,Father Campbell's Chapel,0,0,17607,,,1,Decisive Strike,Spine Chill,Stake Out,Prove Thyself,1,PC,
2021-06-08,Felix,1038,Myers,Torment Creek,1,4,21963,,,1,Spine Chill,Fast Track,Stake Out,This Is Not Happening,1,PC,
2021-06-08,Felix,1052,Clown,Haddonfield,1,4,19933,,,1,Spine Chill,Fast Track,Stake Out,This Is Not Happening,1,PC,
2021-06-08,Felix,1125,Doctor,Fractured Cowshed,0,0,20471,,,1,Spine Chill,Fast Track,Stake Out,This Is Not Happening,1,PC,
2021-06-08,Felix,1146,Huntress,Ironworks of Misery,0,0,10113,,,1,Spine Chill,Fast Track,Stake Out,This Is Not Happening,1,PC,
2021-06-08,Felix,1202,Hillbilly,Mother's Dwelling,1,1,25773,,,1,Spine Chill,Fast Track,Stake Out,This Is Not Happening,1,PC,
2021-06-08,Felix,1223,Wraith,Grim Pantry,0,0,16986,,,1,Spine Chill,Fast Track,Stake Out,This Is Not Happening,1,PC,
2021-06-08,Felix,1242,Deathslinger,Disturbed Ward,1,4,24042,,,1,Spine Chill,Fast Track,Stake Out,Kindred,1,PC,
2021-06-08,Felix,1303,Twins,Dead Dog Saloon,0,0,18653,,,1,Spine Chill,Fast Track,Stake Out,Kindred,1,PC,
2021-06-08,Felix,1328,Huntress,Ormond,0,1,19845,,,1,Spine Chill,Fast Track,Stake Out,Kindred,1,PC,
2021-06-08,Felix,1342,Deathslinger,Midwich,0,3,18666,,,1,Spine Chill,Fast Track,Stake Out,Kindred,1,PC,
2021-06-12,Dwight,1435,Nemesis,Temple of Purgation,1,3,21970,,,1,Ace in the Hole,Plunderer's Instinct,Appraisal,Bond,1,PC,
2021-06-30,Felix,749,Huntress,Wretched Shop,1,3,16209,,,1,Spine Chill,Fast Track,Stake Out,Borrowed,1,PC,
2021-07-01,Felix,2058,Wraith,Suffocation Pit,0,0,13491,,,2,Prove Thyself,Fast Track,Stake Out,Better Together,1,PC,
2021-07-01,Felix,2119,Cannibal,Dead Dog Saloon,0,1,22557,,,2,Spine Chill,Fast Track,Stake Out,Windows,1,PC,
2021-07-01,Felix,2137,Wraith,Blood Lodge,0,1,15823,,,2,Spine Chill,Fast Track,Stake Out,Windows,1,PC,
2021-07-01,Felix,2154,Nemesis,Rancid Abattoir,1,1,18396,,,2,Spine Chill,Fast Track,Stake Out,Windows,1,PC,
2021-07-01,Felix,2242,Deathslinger,Azarov's Resting Place,0,0,18206,,,2,Spine Chill,Fast Track,Stake Out,Windows,1,PC,
2021-07-01,Felix,2306,Nemesis,Wretched Shop,1,4,22994,,,2,Spine Chill,Fast Track,Stake Out,Windows,1,PC,
2021-07-02,Felix,2337,Nemesis,Grim Pantry,1,4,22517,,,2,Spine Chill,Fast Track,Stake Out,Windows,1,PC,
2021-07-02,Felix,2358,Pig,Disturbed Ward,1,4,22775,,,2,Spine Chill,Fast Track,Stake Out,Windows,1,PC,
2021-07-03,Felix,22,Legion,Family Residence,0,0,22917,,,2,Spine Chill,Fast Track,Stake Out,Windows,1,PC,
2021-07-03,Felix,43,Plague,Dead Dog Saloon,0,0,22957,,,2,Spine Chill,Fast Track,Stake Out,Windows,1,PC,
2021-07-03,Felix,102,Nemesis,Azarov's Resting Place,1,4,22401,,,2,Better Together,Prove Thyself,Fast Track,Stake Out,1,PC,
2021-07-03,Felix,119,Deathslinger,Rotten Fields,1,1,31305,,,2,Better Together,Prove Thyself,Fast Track,Stake Out,1,PC,
2021-07-03,Felix,1356,Nurse,Wretched Shop,0,0,18012,,,2,Better Together,Prove Thyself,Fast Track,Stake Out,1,PC,
2021-07-03,Felix,1422,Clown,Father Campbell's Chapel,0,1,22469,,,2,Better Together,Prove Thyself,Fast Track,Stake Out,1,PC,
2021-07-03,Felix,1451,Huntress,Treatment Theater,1,4,21810,,,2,Empathy,Botany Knowledge,Self Care,Desperate Measures,1,PC,
2021-07-03,David,1510,Twins,Sanctum of Wrath,0,2,21237,,,2,Self Care,Decisive Strike,WGLF,Small Game,1,PC,
2021-07-03,David,1528,Trickster,Groaning Storehouse,1,4,25537,,,2,Self Care,Bond,WGLF,Kindred,1,PC,
2021-07-03,David,1540,Huntress,Pale Rose,0,2,7397,,,2,Self Care,Bond,WGLF,Stake Out,1,PC,
2021-07-04,David,1757,Trapper,Midwich,0,2,19564,,,2,Self Care,Empathy,WGLF,Stake Out,1,PC,
2021-07-04,David,1816,Spirit,Mother's Dwelling,1,2,28369,,,2,Self Care,Empathy,WGLF,Stake Out,1,PC,
2021-07-04,David,1833,Hag,Haddonfield,1,4,15828,,,2,Self Care,Empathy,WGLF,Desperate Measures,1,PC,
2021-07-04,David,1856,Oni,RCPS,0,1,18501,,,2,Self Care,Empathy,WGLF,Desperate Measures,1,PC,
2021-07-04,David,1915,Trapper,Fractured Cowshed,0,2,20529,,,2,Self Care,Empathy,WGLF,Desperate Measures,1,PC,
2021-07-04,David,1932,Deathslinger,Ironworks of Misery,1,4,26035,,,2,Self Care,Empathy,WGLF,Desperate Measures,1,PC,
2021-07-04,David,2004,Pig,Ironworks of Misery,0,0,18587,,,2,Self Care,Empathy,WGLF,Desperate Measures,1,PC,
2021-07-04,David,2023,Blight,Dead Dog Saloon,0,0,22935,,,2,Self Care,Empathy,WGLF,Desperate Measures,1,PC,
2021-07-04,Felix,2046,Demogorgon,Sanctum of Wrath,0,1,19125,,,2,Better Together,Prove Thyself,Fast Track,Stake Out,1,PC,
2021-07-04,Felix,2102,Wraith,Hawkins,0,1,21877,,,2,Better Together,Prove Thyself,Fast Track,Stake Out,1,PC,
2021-07-05,David,2238,Huntress,The Game,0,2,13357,,,2,Self Care,Empathy,WGLF,Botany Knowledge,1,PC,
2021-07-05,David,2238,Nemesis,Coal Tower,0,0,20461,,,2,Self Care,Empathy,WGLF,Botany Knowledge,1,PC,
2021-07-05,Felix,2315,Spirit,Wretched Shop,1,2,21581,,,2,Better Together,Prove Thyself,Fast Track,Stake Out,1,PC,
2021-07-05,Felix,2335,Huntress,Haddonfield,0,0,10530,,,2,Better Together,Prove Thyself,Fast Track,Stake Out,1,PC,
2021-07-06,Felix,2229,Pig,The Game,0,1,15704,,,2,Better Together,Prove Thyself,Fast Track,Stake Out,1,PC,
2021-07-06,Felix,2251,Nemesis,Mother's Dwelling,0,0,17011,,,2,Better Together,Prove Thyself,Fast Track,Stake Out,1,PC,
2021-07-06,David,2313,Deathslinger,Treatment Theater,0,2,19398,,,2,Self Care,Empathy,WGLF,Botany Knowledge,1,PC,
2021-07-09,Felix,2219,Pyramid Head,Treatment Theater,1,3,17011,,,2,Better Together,Prove Thyself,Fast Track,Stake Out,1,PC,
2021-07-09,Felix,2233,Trickster,Hawkins,0,0,18398,,,2,Better Together,Prove Thyself,Fast Track,Stake Out,1,PC,
2021-07-09,Felix,2251,Blight,Dead Dog Saloon,1,3,22540,,,2,Bond,Prove Thyself,Fast Track,Stake Out,1,PC,
2021-07-09,Felix,2307,Demogorgon,Disturbed Ward,1,1,22440,,,2,Better Together,Prove Thyself,Fast Track,Stake Out,1,PC,
2021-07-09,Felix,2324,Cannibal,Azarov's Resting Place,1,1,17418,,,2,Better Together,Prove Thyself,Fast Track,Stake Out,1,PC,
2021-07-09,Felix,2342,Cannibal,Blood Lodge,0,2,21420,,,2,Better Together,Prove Thyself,Fast Track,Stake Out,1,PC,
2021-07-09,David,2357,Huntress,Wretched Shop,1,4,15651,,,2,Self Care,Empathy,WGLF,Botany Knowledge,1,PC,
2021-07-10,David,13,Demogorgon,Mother's Dwelling,1,4,19063,,,2,Self Care,Empathy,WGLF,Botany Knowledge,1,PC,
2021-07-10,David,2235,Hag,Ormond,0,1,19930,,,2,Self Care,Empathy,WGLF,Botany Knowledge,1,PC,
2021-07-10,David,2248,Hillbilly,Ormond,0,1,11178,,,2,Self Care,Empathy,WGLF,Botany Knowledge,1,PC,
2021-07-10,David,2304,Spirit,Mother's Dwelling,0,1,17986,,,2,Self Care,Empathy,WGLF,Botany Knowledge,1,PC,
2021-07-10,David,2326,Spirit,Mother's Dwelling,1,1,25887,,,2,Self Care,Empathy,WGLF,Botany Knowledge,1,PC,
2021-07-10,David,2343,Huntress,Pale Rose,1,2,20082,,,2,Self Care,Empathy,WGLF,Botany Knowledge,1,PC,
2021-07-10,David,2400,Trapper,Mother's Dwelling,0,1,13181,,,2,Spine Chill,Lightweight,Iron Will,Quick and Quiet,1,PC,
2021-07-11,David,21,Deathslinger,Blood Lodge,0,1,14363,,,2,Spine Chill,Lightweight,Iron Will,Quick and Quiet,1,PC,
2021-07-11,Jake,1944,Wraith,Wrecker's Yard,1,2,28239,,,2,Iron Will,Calm Spirit,Saboteur,Lightweight,1,PC,
2021-07-11,Jake,1957,Hillbilly,Mother's Dwelling,0,2,9586,,,2,Iron Will,Calm Spirit,Saboteur,Lightweight,1,PC,
2021-07-11,Jake,2015,Nemesis,Dead Dog Saloon,1,3,20358,,,2,Iron Will,Calm Spirit,Saboteur,Lightweight,1,PC,
2021-07-11,David,2032,Trickster,Mother's Dwelling,0,2,13288,,,2,Dead Hard,Decisive Strike,Iron Will,Spine Chill,1,PC,
2021-07-11,David,2047,Doctor,Sanctum of Wrath,1,3,22137,,,2,Dead Hard,Decisive Strike,Adrenaline,Spine Chill,1,PC,
2021-07-31,Felix,1303,Nemesis,Azarov's Resting Place,0,2,18953,,,4,Better Together,Prove Thyself,Stake Out,Fast Track,1,PC,
2021-07-31,Jake,1315,Clown,Midwich,1,4,12713,,,4,Iron Will,Calm Spirit,Left Behind,Lightweight,1,PC,
2021-07-31,Felix,1333,Nemesis,Midwich,1,3,26707,,,4,Better Together,Prove Thyself,Stake Out,Fast Track,1,PC,
2021-07-31,David,1346,Oni,Grim Pantry,1,4,20416,,,4,Unbreakable,Decisive Strike,Spine Chill,Windows,1,PC,
2021-07-31,David,1400,Plague,Azarov's Resting Place,1,4,15644,,,4,Unbreakable,Decisive Strike,Spine Chill,Windows,1,PC,
2021-07-31,David,1412,Trickster,Temple of Purgation,1,4,21252,,,4,Unbreakable,Decisive Strike,Spine Chill,Windows,1,PC,
2021-07-31,David,1422,Demogorgon,Torment Creek,1,4,17496,,,4,Unbreakable,Decisive Strike,Spine Chill,Windows,1,PC,
2021-08-01,David,440,Ghostface,Groaning Storehouse,0,3,19089,,,1,Unbreakable,Decisive Strike,Spine Chill,Windows,1,PC,
2021-08-01,David,454,Trickster,The Game,0,1,14800,,,1,Unbreakable,Decisive Strike,Spine Chill,Windows,1,PC,
2021-08-01,David,508,Trickster,Treatment Theater,1,4,18856,,,1,Unbreakable,Decisive Strike,Spine Chill,Windows,1,PC,
2021-08-01,David,530,Hillbilly,Azarov's Resting Place,0,0,15337,,,1,Unbreakable,Decisive Strike,Spine Chill,Windows,1,PC,
2021-08-01,David,559,Demogorgon,Sanctum of Wrath,0,1,15372,,,1,Unbreakable,Decisive Strike,Spine Chill,Windows,1,PC,
2021-08-01,David,621,Clown,Hawkins,1,2,26277,,,1,Unbreakable,Decisive Strike,Spine Chill,Windows,1,PC,
2021-08-01,David,630,Freddy,Temple of Purgation,0,0,11557,,,1,Unbreakable,Decisive Strike,Spine Chill,Windows,1,PC,
2021-08-01,David,647,Spirit,Badham Preschool,0,2,20023,,,1,Unbreakable,Decisive Strike,Spine Chill,Windows,1,PC,
2021-08-01,David,1915,Spirit,Family Residence,0,0,19574,,,1,Unbreakable,Decisive Strike,Spine Chill,Windows,1,PC,
2021-08-01,David,1936,Deathslinger,Ormond,1,2,25191,,,1,Unbreakable,Decisive Strike,Spine Chill,Windows,1,PC,
2021-08-01,David,2212,Huntress,Hawkins,1,3,16953,,,1,Decisive Strike,Dead Hard,Spine Chill,Windows,1,PC,
2021-08-01,David,2229,Hillbilly,Shelter Woods,1,1,19679,,,2,Decisive Strike,Dead Hard,Spine Chill,Windows,1,PC,
2021-08-01,David,2248,Ghostface,Haddonfield,0,0,18797,,,2,Decisive Strike,Dead Hard,Spine Chill,Windows,1,PC,
2021-08-01,David,2309,Pig,Hawkins,1,3,21768,,,2,Decisive Strike,Dead Hard,Spine Chill,Windows,1,PC,
2021-08-02,David,420,Trapper,Ormond,0,0,11024,,,1,Iron Will,Dead Hard,Spine Chill,Windows,1,PC,
2021-08-02,David,435,Trapper,Haddonfield,1,2,21303,,,1,Iron Will,Dead Hard,Spine Chill,Windows,1,PC,
2021-08-02,David,505,Nemesis,Groaning Storehouse,0,2,15267,,,1,Decisive Strike,Dead Hard,Spine Chill,Windows,1,PC,
2021-08-02,Meg,1043,Deathslinger,Blood Lodge,0,1,16943,,,1,Spine Chill,Sprint Burst,Adrenaline,Decisive,1,PC,
2021-08-02,Meg,1104,Pig,Father Campbell's Chapel,0,2,17216,,,1,Spine Chill,Sprint Burst,Adrenaline,Decisive,1,PC,
2021-08-02,Meg,1125,Nemesis,Suffocation Pit,1,3,19040,,,1,Spine Chill,Borrowed Time,Adrenaline,Decisive,1,PC,
2021-08-02,Meg,1140,Pig,Hawkins,1,3,23352,,,1,Spine Chill,Borrowed Time,Adrenaline,Decisive,1,PC,
2021-08-02,Meg,1159,Trickster,Family Residence,1,2,25044,,,1,Spine Chill,Borrowed Time,Adrenaline,Decisive,1,PC,
2021-08-02,Meg,1216,Trickster,Rancid Abattoir,0,0,15139,,,1,Spine Chill,Borrowed Time,Adrenaline,Decisive,1,PC,
2021-08-02,Meg,1227,Ghostface,Family Residence,1,4,16410,,,1,Spine Chill,Borrowed Time,Adrenaline,Decisive,1,PC,
2021-08-02,Meg,1244,Huntress,Disturbed Ward,1,3,18486,,,1,Spine Chill,Borrowed Time,Adrenaline,Decisive,1,PC,
2021-08-02,Meg,1304,Spirit,Wrecker's Yard,0,0,19292,,,1,Spine Chill,Sprint Burst,Adrenaline,Decisive,1,PC,
2021-08-02,Meg,1319,Wraith,Rotten Fields,1,3,23302,,,1,Spine Chill,Sprint Burst,Adrenaline,Decisive,1,PC,
2021-08-02,Meg,1342,Deathslinger,The Game,1,3,18609,,,1,Spine Chill,Sprint Burst,Adrenaline,Decisive,1,PC,
2021-08-02,Meg,1400,Freddy,Gas Heaven,0,0,17844,,,1,Spine Chill,Sprint Burst,Adrenaline,Decisive,1,PC,
2021-08-02,Meg,1742,Ghostface,Dead Dog Saloon,0,0,22765,,,1,Spine Chill,Adrenaline,Unbreakable,Decisive,1,PC,
2021-08-02,Meg,2040,Nurse,Badham Preschool,0,0,18424,,,2,Spine Chill,Adrenaline,Unbreakable,Decisive,1,PC,
2021-08-02,Meg,2100,Nemesis,Haddonfield,1,3,20905,,,2,Spine Chill,Adrenaline,Unbreakable,Decisive,1,PC,
2021-08-02,Meg,2134,Ghostface,Thompson House,1,2,29649,,,2,Spine Chill,Adrenaline,Unbreakable,Decisive,1,PC,
2021-08-02,Meg,2152,Nurse,Family Residence,1,4,16986,,,2,Spine Chill,Adrenaline,Unbreakable,Decisive,1,PC,
2021-08-02,Meg,2213,Clown,Hawkins,0,0,21486,,,2,Spine Chill,Adrenaline,Unbreakable,Decisive,1,PC,
2021-08-02,Meg,2237,Huntress,Rancid Abattoir,1,3,21086,,,2,Spine Chill,Adrenaline,Unbreakable,Decisive,1,PC,
2021-08-02,Meg,2257,Ghostface,The Game,1,2,23940,,,2,Spine Chill,Adrenaline,Unbreakable,Decisive,1,PC,
2021-08-03,Meg,419,Spirit,Treatment Theater,0,0,17469,,,1,Spine Chill,Adrenaline,Unbreakable,Decisive,1,PC,
2021-08-03,Meg,429,Trickster,Torment Creek,1,4,14373,,,1,Spine Chill,Sprint Burst,Unbreakable,Decisive,1,PC,
2021-08-03,Meg,447,Deathslinger,Rancid Abattoir,0,0,21146,,,1,Spine Chill,Sprint Burst,Unbreakable,Decisive,1,PC,
2021-08-03,Meg,508,Myers,Disturbed Ward,0,0,16917,,,1,Spine Chill,Sprint Burst,Unbreakable,Decisive,1,PC,
2021-08-03,Meg,524,Oni,Hawkins,0,0,13259,,,1,Spine Chill,Sprint Burst,Unbreakable,Decisive,1,PC,
2021-08-03,Meg,549,Myers,Treatment Theater,0,1,17003,,,1,Spine Chill,Sprint Burst,Unbreakable,Decisive,1,PC,
2021-08-03,Meg,606,Deathslinger,Mother's Dwelling,0,3,13729,,,1,Deliverance,Saboteur,WGLF,Self Care,1,PC,
2021-08-03,Meg,620,Plague,Blood Lodge,0,2,16090,,,1,Spine Chill,Self Care,Unbreakable,Decisive,1,PC,
2021-08-03,Meg,633,Pig,Disturbed Ward,1,4,13810,,,1,Spine Chill,Self Care,Saboteur,Decisive,1,PC,
2021-08-03,Meg,647,Legion,Fractured Cowshed,1,4,22904,,,1,Spine Chill,Self Care,Saboteur,Decisive,1,PC,
2021-08-03,Meg,656,Legion,Mother's Dwelling,0,0,6837,,,1,Spine Chill,Self Care,Saboteur,Decisive,1,PC,
2021-08-03,Meg,707,Nemesis,Ironworks of Misery,1,4,29760,,,1,Spine Chill,Self Care,Saboteur,Decisive,1,PC,
2021-08-03,Meg,800,Spirit,Sanctum of Wrath,1,1,25852,,,1,Spine Chill,Self Care,Saboteur,Decisive,1,PC,
2021-08-03,Meg,1655,Spirit,Ormond,1,4,24875,,,2,Empathy,Self Care,WGLF,Desperate Measures,1,PC,
2021-08-03,Meg,1712,Ghostface,Badham Preschool,0,2,17727,,,2,Empathy,Self Care,WGLF,Desperate Measures,1,PC,
2021-08-03,Meg,1940,Blight,Midwich,0,1,14077,,,2,Empathy,Self Care,WGLF,Desperate Measures,1,PC,
2021-08-03,Meg,2006,Clown,Rotten Fields,1,4,19150,,,2,Empathy,Self Care,WGLF,Desperate Measures,1,PC,
2021-08-03,Meg,2051,Nemesis,Grim Pantry,0,1,8807,,,2,Empathy,Self Care,WGLF,Desperate Measures,1,PC,
2021-08-03,Meg,2108,Nemesis,Disturbed Ward,0,1,18869,,,2,Empathy,Self Care,WGLF,Desperate Measures,1,PC,
2021-08-03,Meg,2147,Legion,Thompson House,0,1,16293,,,2,Empathy,Self Care,WGLF,Desperate Measures,1,PC,
2021-08-03,Meg,2207,Twins,The Game,0,1,15479,,,2,Empathy,Self Care,WGLF,Desperate Measures,1,PC,
2021-08-03,Ash,2233,Hillbilly,Shelter Woods,1,3,21143,,,1,Mettle of Man,Flip-Flop,Buckle Up,None,1,PC,Adept Ash
2021-08-04,Meg,100,Wraith,Sanctum of Wrath,0,3,11031,,,1,Empathy,Self Care,WGLF,Borrowed,1,PC,
2021-08-04,Meg,130,Nemesis,Treatment Theater,1,3,23220,,,1,Decisive Strike,Unbreakable,Spine Chill,Sprint Burst,1,PC,
2021-08-04,Meg,414,Blight,Shelter Woods,1,4,24365,,,1,Empathy,Self Care,WGLF,Desperate Measures,1,PC,
2021-08-04,Meg,430,Huntress,Torment Creek,1,0,18622,,,1,Empathy,Self Care,WGLF,Desperate Measures,1,PC,
2021-08-04,Meg,448,Twins,Ironworks of Misery,1,4,18184,,,1,Empathy,Self Care,WGLF,Borrowed,1,PC,
2021-09-25,David,1944,Blight,Father Campbell's Chapel,1,3,27429,,,3,WGLF,Self Care,Empathy,Botany Knowledge,1,PC,
2021-09-25,David,2021,Cenobite,Father Campbell's Chapel,1,2,25760,,,3,WGLF,Self Care,Empathy,Botany Knowledge,1,PC,
2021-09-25,David,2015,Blight,Wrecker's Yard,1,3,25844,,,3,WGLF,Self Care,Empathy,Botany Knowledge,1,PC,
2021-09-25,Felix,2039,Huntress,Sanctum of Wrath,0,2,25844,,,3,Unbreakable,Decisive Strike,Adrenaline,Dead Hard,1,PC,
2021-09-25,Felix,2058,Legion,Treatment Theater,0,0,17035,,,3,Unbreakable,Decisive Strike,Adrenaline,Dead Hard,1,PC,
2021-09-25,Felix,2118,Blight,Disturbed Ward,0,0,12774,,,3,Unbreakable,Decisive Strike,Adrenaline,Dead Hard,1,PC,
2021-09-25,Felix,2135,Cenobite,RCPS,0,0,14828,,,3,Unbreakable,Decisive Strike,Adrenaline,Windows,1,PC,
2021-09-25,Felix,2148,Pig,Blood Lodge,1,3,17934,,,3,Unbreakable,Decisive Strike,Adrenaline,Windows,1,PC,
2021-09-26,David,1637,Cenobite,Father Campbell's Chapel,0,1,18707,,,3,WGLF,Self Care,Empathy,Botany Knowledge,1,PC,
2021-09-26,Felix,1600,Blight,Blood Lodge,1,1,19630,,,2,Unbreakable,Decisive Strike,Adrenaline,Windows,1,PC,
2021-09-26,Felix,1657,Nemesis,Haddonfield,0,1,18144,,,4,Unbreakable,Decisive Strike,Adrenaline,Dead Hard,1,PC,
2021-09-26,Felix,1712,Pyramid Head,Torment Creek,1,3,20250,,,4,Unbreakable,Decisive Strike,Adrenaline,Dead Hard,1,PC,
2021-09-26,Felix,1723,Freddy,Sanctum of Wrath,0,0,17794,,,4,Unbreakable,Decisive Strike,Adrenaline,Dead Hard,1,PC,
2021-09-26,Felix,1740,Trickster,Father Campbell's Chapel,0,1,15231,,,4,Unbreakable,Decisive Strike,Adrenaline,Dead Hard,1,PC,
2021-09-26,Jeff,1802,Hillbilly,Badham Preschool,1,3,18643,,,4,Breakdown,Distortion,Aftercare,None,1,PC,Adept Jeff
2021-09-26,David,1846,Demogorgon,Fractured Cowshed,0,0,14177,,,4,WGLF,Self Care,Empathy,Botany Knowledge,1,PC,
2021-09-26,David,1929,Cenobite,Pale Rose,1,2,28171,,,4,WGLF,Self Care,Empathy,Botany Knowledge,1,PC,
2021-09-26,David,1947,Plague,Sanctum of Wrath,0,1,15206,,,4,WGLF,Self Care,Empathy,Botany Knowledge,1,PC,
2021-09-26,Zarina,2007,Huntress,Sanctum of Wrath,1,3,21963,,,4,Off the Record,Red Herring,For the People,None,1,PC,
2021-09-26,Felix,2027,Cenobite,Mother's Dwelling,0,1,15611,,,4,Unbreakable,Decisive Strike,Adrenaline,Dead Hard,1,PC,
2021-09-26,Felix,2046,Cenobite,Father Campbell's Chapel,0,1,14234,,,4,Unbreakable,Decisive Strike,Adrenaline,Dead Hard,1,PC,
2021-09-26,Felix,2105,Trapper,Wretched Shop,1,3,23168,,,4,Unbreakable,Decisive Strike,Adrenaline,Dead Hard,1,PC,
2021-09-27,Jane,2038,Legion,Disturbed Ward,1,1,28399,,,2,Poised,Head On,Solidarity,None,1,PC,Adept Jane
2021-09-27,Cheryl,2101,Legion,Midwich,1,4,18166,,,2,Soul Guard,Blood Pact,Repressed Alliance,None,1,PC,Adept Cheryl
2021-09-27,Steve,2115,Clown,Father Campbell's Chapel,0,0,6887,,,2,Babysitter,Camaraderie,Second Wind,None,1,PC,
2021-09-27,Steve,2129,Freddy,Mother's Dwelling,0,0,11525,,,2,Babysitter,Camaraderie,Second Wind,None,1,PC,
2021-09-27,Steve,2153,Deathslinger,The Game,0,1,29760,,,2,Babysitter,Camaraderie,Second Wind,None,1,PC,
2021-09-27,Steve,2244,Cenobite,Midwich,0,0,12399,,,2,Babysitter,Camaraderie,Second Wind,None,1,PC,
2021-09-27,Steve,2310,Legion,RCPS,1,2,21186,,,2,Babysitter,Camaraderie,Second Wind,None,1,PC,
2021-09-28,Felix,1930,Blight,Wretched Shop,0,0,11907,,,2,Unbreakable,Decisive Strike,Adrenaline,Dead Hard,1,PC,
2021-09-28,Felix,1944,Clown,Treatment Theater,1,3,23309,,,2,Unbreakable,Decisive Strike,Adrenaline,Dead Hard,1,PC,
2021-09-28,Felix,2003,Myers,Wretched Shop,1,4,23124,,,2,Borrowed,WGLF,Self Care,Empathy,1,PC,
2021-09-28,Felix,2021,Trapper,Rancid Abattoir,0,1,18507,,,2,Borrowed,WGLF,Self Care,Empathy,1,PC,
2021-09-28,Felix,2046,Huntress,Azarov's Resting Place,0,0,14813,,,2,Ace in the Hole,Plunderer's Instinct,Pharmacy,Bond,1,PC,
2021-09-28,Felix,2119,Cannibal,Pale Rose,0,0,20247,,,2,Mettle of Man,WGLF,Self Care,Empathy,1,PC,
2021-09-28,Felix,2139,Plague,Midwich,0,0,17177,,,2,Borrowed,WGLF,Self Care,Empathy,1,PC,
2021-09-28,Felix,2157,Trickster,The Game,1,1,21653,,,2,Borrowed,WGLF,Self Care,Empathy,1,PC,
2021-09-28,Elodie,2215,Cannibal,Thompson House,1,3,16593,,,2,Kindred,Lightweight,Hope,Deception,1,PC,
2021-09-28,Felix,2240,Clown,The Game,0,0,22942,,,2,Wake Up,Hope,Decisive,Sole Survivor,1,PC,
2021-09-28,Felix,2301,Nemesis,Gas Heaven,0,0,18340,,,2,Wake Up,Hope,Adrenaline,Sole Survivor,1,PC,
2021-09-28,Felix,2251,Demogorgon,Ormond,1,3,17520,,,2,Wake Up,Hope,Adrenaline,Sole Survivor,1,PC,
2021-10-02,Felix,243,Huntress,Pale Rose,0,2,10166,,,1,Wake Up,Hope,Adrenaline,Sole Survivor,1,PC,
2021-10-02,Felix,303,Deathslinger,Fractured Cowshed,1,3,20983,,,1,Unbreakable,Decisive Strike,Dead Hard,Spine Chill,1,PC,
2021-10-02,Felix,319,Nemesis,Rancid Abattoir,0,0,12533,,,1,Unbreakable,Decisive Strike,Dead Hard,Spine Chill,1,PC,
2021-10-03,Felix,330,Legion,Ormond,1,2,24238,,,1,Appraisal,Ace in the Hole,Plunderer's Instinct,Bond,1,PC,
2021-10-03,Felix,2059,Blight,Rotten Fields,1,1,26097,,,2,Appraisal,Ace in the Hole,Plunderer's Instinct,Bond,1,PC,
2021-10-03,Felix,2115,Blight,Rotten Fields,0,2,14895,,,2,Unbreakable,Decisive Strike,Dead Hard,Windows,1,PC,
2021-10-03,Felix,2134,Myers,Pale Rose,0,1,23975,,,2,WGLF,Empathy,Borrowed Time,Self Care,1,PC,
2021-10-03,David,2159,Blight,Father Campbell's Chapel,0,2,25840,,,2,WGLF,Self Care,Empathy,Botany Knowledge,1,PC,
2021-10-03,David,2221,Wraith,Ormond,1,1,18237,,,2,WGLF,Self Care,Empathy,Botany Knowledge,1,PC,
2021-10-04,David,2332,Doctor,Ormond,1,3,27733,,,2,WGLF,Self Care,Empathy,Botany Knowledge,1,PC,
2021-10-04,David,2358,Nurse,Midwich,0,1,23946,,,2,WGLF,Self Care,Empathy,Botany Knowledge,1,PC,
2021-10-05,Felix,2152,Huntress,Badham Preschool,0,0,10936,,,2,Ace in the Hole,Appraisal,Plunderer's Instinct,Bond,1,PC,
2021-10-05,David,2215,Cannibal,Disturbed Ward,1,3,28399,,,2,WGLF,Self Care,Empathy,Botany Knowledge,1,PC,
2021-10-05,David,2234,Ghostface,Ironworks of Misery,0,0,19524,,,2,WGLF,Self Care,Empathy,Botany Knowledge,1,PC,
2021-10-06,David,2146,Cannibal,Badham Preschool,1,4,24809,,,2,WGLF,Self Care,Empathy,Botany Knowledge,1,PC,
2021-10-06,Felix,2203,Ghostface,Wrecker's Yard,0,0,12545,,,2,Ace in the Hole,Appraisal,Plunderer's Instinct,Bond,1,PC,
2021-10-06,Felix,2222,Trickster,Ironworks of Misery,0,2,18132,,,2,Ace in the Hole,Pharmacy,Plunderer's Instinct,Bond,1,PC,
2021-10-06,Felix,2242,Nurse,Haddonfield,1,4,20831,,,2,Ace in the Hole,Pharmacy,Plunderer's Instinct,Bond,1,PC,
2021-10-06,Felix,2302,Huntress,Wretched Shop,0,0,15933,,,2,Inner Strength,Small Game,Detective's Hunch,Counterforce,1,PC,
2021-10-06,Felix,2219,Legion,Treatment Theater,0,0,11239,,,2,Inner Strength,Small Game,Detective's Hunch,Counterforce,1,PC,
2021-10-07,Felix,206,Nemesis,Treatment Theater,0,0,19770,0,2,1,Inner Strength,Small Game,Detective's Hunch,Counterforce,1,PC,
2021-10-07,Felix,224,Ghostface,Ironworks of Misery,1,4,25157,0,0,1,Inner Strength,Small Game,Detective's Hunch,Counterforce,1,PC,
2021-10-07,Felix,246,Myers,Pale Rose,1,2,22273,0,0,1,Inner Strength,Small Game,Detective's Hunch,Counterforce,1,PC,
2021-10-07,Felix,302,Wraith,Mother's Dwelling,1,2,18821,0,0,1,Inner Strength,Small Game,Detective's Hunch,Counterforce,1,PC,
2021-10-07,Felix,317,Cannibal,Ormond,0,0,10402,0,0,1,Inner Strength,Small Game,Detective's Hunch,Counterforce,1,PC,
2021-10-07,Felix,412,Legion,Midwich,1,3,23103,0,0,1,Inner Strength,Small Game,Detective's Hunch,Counterforce,1,PC,
2021-10-07,Felix,420,Spirit,Shelter Woods,0,0,5064,0,1,1,Inner Strength,Small Game,Detective's Hunch,Counterforce,1,PC,
2021-10-07,Felix,436,Ghostface,Temple of Purgation,0,2,16093,0,0,1,Inner Strength,Small Game,Detective's Hunch,Counterforce,1,PC,
2021-10-07,Felix,459,Huntress,Father Campbell's Chapel,1,4,25508,0,0,1,Inner Strength,Small Game,Detective's Hunch,Counterforce,1,PC,
2021-10-07,Felix,514,Cannibal,Ormond,1,4,23938,-1,0,1,Inner Strength,Small Game,Detective's Hunch,Counterforce,1,PC,
2021-10-07,Felix,526,Demogorgon,Ormond,1,4,21781,0,0,1,Inner Strength,Small Game,Detective's Hunch,Counterforce,1,PC,
2021-10-07,Felix,541,Cenobite,Rotten Fields,0,0,15525,0,0,1,Inner Strength,Small Game,Detective's Hunch,Counterforce,1,PC,
2021-10-07,Felix,558,Nemesis,Mother's Dwelling,0,0,16231,0,0,1,Inner Strength,Small Game,Detective's Hunch,Counterforce,1,PC,
2021-10-07,Felix,615,Cannibal,Treatment Theater,1,4,22053,0,0,1,Inner Strength,Small Game,Detective's Hunch,Counterforce,1,PC,
2021-10-07,Felix,625,Deathslinger,RCPS,0,1,12378,0,1,1,Inner Strength,Small Game,Detective's Hunch,Counterforce,1,PC,
2021-10-07,Felix,1107,Huntress,Badham Preschool,0,0,8711,0,0,2,Unbreakable,Decisive Strike,Spine Chill,Windows,1,PC,
2021-10-07,Felix,2326,Wraith,Crotus Penn Asylum,1,2,25244,0,0,2,Unbreakable,Decisive Strike,Spine Chill,Windows,1,PC,
2021-10-08,Felix,2200,Trickster,Badham Preschool,0,0,15173,0,0,2,Unbreakable,Decisive Strike,Spine Chill,Windows,1,PC,
2021-10-08,Felix,2215,Doctor,Mother's Dwelling,1,2,17571,0,0,2,Unbreakable,Decisive Strike,Spine Chill,Windows,1,PC,
2021-10-08,Felix,2233,Wraith,Temple of Purgation,0,0,4665,0,0,2,Unbreakable,Decisive Strike,Spine Chill,Windows,1,PC,
2021-10-08,Felix,2257,Legion,The Game,1,1,22500,0,0,2,Ace in the Hole,Pharmacy,Plunderer's Instinct,Bond,1,PC,
2021-10-08,Felix,2309,Oni,Family Residence,0,0,2950,0,0,2,Ace in the Hole,Pharmacy,Plunderer's Instinct,Bond,1,PC,
2021-10-08,Felix,2322,Blight,Grim Pantry,0,0,5096,0,0,2,Ace in the Hole,Pharmacy,Plunderer's Instinct,Bond,1,PC,
2021-10-08,Adam,1522,Trapper,Azarov's Resting Place,0,1,23345,0,0,2,None,None,None,None,1,PC,
2021-10-08,Claudette,1534,Myers,Treatment Theater,0,0,16199,0,0,2,None,None,None,None,1,PC,
2021-10-10,Claudette,820,Huntress,Disturbed Ward,0,0,15273,0,0,2,None,None,None,None,1,PC,
2021-10-10,Dwight,833,Huntress,Treatment Theater,0,3,15383,0,0,2,None,None,None,None,1,PC,
2021-10-10,Dwight,856,Ghostface,The Game,1,1,19949,0,1,2,None,None,None,None,1,PC,
2021-10-10,Dwight,1654,Deathslinger,Fractured Cowshed,0,2,19880,0,0,2,None,None,None,None,1,PC,
2021-10-10,Dwight,1706,Deathslinger,Wretched Shop,1,3,15317,0,0,2,None,None,None,None,1,PC,
2021-10-10,Dwight,1720,Myers,The Game,0,1,5867,0,0,2,None,None,None,None,1,PC,
2021-10-10,Dwight,1735,Nurse,RCPS,1,1,18302,0,0,2,None,None,None,None,1,PC,
2021-10-10,Dwight,1745,Cannibal,Midwich,0,1,7540,0,0,2,None,None,None,None,1,PC,
2021-10-10,Meg,1802,Ghostface,Hawkins,1,4,18159,0,0,2,None,None,None,None,1,PC,
2021-10-10,Meg,2049,Clown,Treatment Theater,1,4,17684,0,0,2,None,None,None,None,1,PC,
2021-10-10,Meg,2102,Clown,Midwich,1,4,18247,0,0,2,None,None,None,None,1,PC,
2021-10-10,Meg,2119,Cenobite,Thompson House,0,1,12540,0,1,2,None,None,None,None,1,PC,
2021-10-10,Meg,2143,Pig,Badham Preschool,1,3,25374,0,0,2,None,None,None,None,1,PC,
2021-10-10,Meg,2207,Cenobite,Haddonfield,0,0,21035,0,0,2,None,None,None,None,1,PC,
2021-10-10,Meg,2241,Clown,Grim Pantry,1,4,21113,0,0,2,None,None,None,None,1,PC,
2021-10-10,David,2343,Legion,Pale Rose,0,1,25292,0,0,2,Decisive Strike,Unbreakable,Dead Hard,Windows,1,PC,
2021-10-12,David,2056,Clown,Family Residence,1,2,18241,0,0,2,Sole Survivor,Decisive Strike,Mettle of Man,Left Behind,1,PC,
2021-10-12,David,2114,Deathslinger,Wrecker's Yard,NA,NA,4977,1,0,2,Sole Survivor,Decisive Strike,Mettle of Man,Left Behind,1,PC,hacker
2021-10-12,David,2133,Hillbilly,Pale Rose,0,0,17929,0,0,2,Sole Survivor,Decisive Strike,Mettle of Man,Left Behind,1,PC,
2021-10-12,David,2157,Trapper,Midwich,0,0,9409,0,0,2,Sole Survivor,Decisive Strike,Mettle of Man,Left Behind,1,PC,
2021-10-12,David,2216,Myers,Azarov's Resting Place,0,0,11858,0,0,2,Sole Survivor,Decisive Strike,Mettle of Man,Left Behind,1,PC,
2021-10-12,David,2232,Nemesis,Ironworks of Misery,1,3,18115,0,0,2,Sole Survivor,Decisive Strike,Mettle of Man,Left Behind,1,PC,
2021-10-12,David,2246,Trapper,Ormond,1,4,17636,0,-1,2,Sole Survivor,Decisive Strike,Mettle of Man,Left Behind,1,PC,
2021-10-12,David,2312,Wraith,Temple of Purgation,1,4,17160,0,0,2,Sole Survivor,Decisive Strike,Mettle of Man,Left Behind,1,PC,
2021-10-12,David,2316,Legion,Midwich,1,4,16937,0,0,2,Sole Survivor,Decisive Strike,Mettle of Man,Left Behind,1,PC,
2021-10-12,David,2359,Nemesis,Sanctum of Wrath,0,0,11337,0,0,2,Sole Survivor,Decisive Strike,Mettle of Man,Left Behind,1,PC,
2021-10-13,David,15,Trickster,Mother's Dwelling,1,1,13127,1,0,2,Sole Survivor,Decisive Strike,Mettle of Man,Left Behind,1,PC,
2021-10-13,David,2229,Demogorgon,Coal Tower,0,0,19999,0,0,3,Unbreakable,Decisive Strike,Adrenaline,Borrowed,1,PC,
2021-10-13,David,2300,Pyramid Head,Sanctum of Wrath,0,0,13422,0,0,3,Unbreakable,Decisive Strike,Dead Hard,Borrowed,1,PC,
2021-10-15,Felix,2253,Deathslinger,Haddonfield,0,0,21774,0,0,2,Self Care,Empathy,WGLF,Borrowed,1,PC,
2021-10-15,Adam,2309,Trickster,Ormond,0,0,9631,0,0,2,Deliverance,We'll Make It,Diversion,None,1,PC,
2021-10-15,Felix,2332,Clown,RCPS,0,1,22305,0,0,2,Self Care,Empathy,WGLF,Borrowed,1,PC,
2021-10-15,Felix,2352,Cannibal,Grim Pantry,1,1,18850,0,0,2,Self Care,Empathy,WGLF,Borrowed,1,PC,
2021-10-16,David,20,Nemesis,Grim Pantry,0,,15301,0,0,1,Self Care,Empathy,WGLF,Borrowed,1,PC,
2021-10-16,David,46,Ghostface,Suffocation Pit,0,0,18475,0,2,1,Self Care,Empathy,WGLF,Borrowed,1,PC,
2021-10-16,Adam,616,Ghostface,Badham Preschool,1,4,8798,0,0,1,Deliverance,Decisive Strike,We'll Make It,Autodidact,1,PC,
2021-10-16,Adam,740,Ghostface,Thompson House,0,3,20664,0,0,1,Deliverance,Decisive Strike,We'll Make It,Autodidact,1,PC,
2021-10-16,Adam,751,Spirit,RCPS,0,0,7960,0,0,1,Deliverance,Decisive Strike,We'll Make It,Autodidact,1,PC,
2021-10-16,Adam,802,Trapper,Hawkins,0,3,9756,0,0,1,Deliverance,Decisive Strike,We'll Make It,Autodidact,1,PC,
2021-10-16,Adam,910,Blight,Pale Rose,1,4,19669,1,2,2,Deliverance,Decisive Strike,We'll Make It,Autodidact,1,PC,
2021-10-16,David,923,Doctor,Azarov's Resting Place,0,3,28277,0,0,2,Self Care,Empathy,WGLF,Borrowed,1,PC,
2021-10-16,David,943,Clown,Hawkins,1,4,25255,0,0,2,Self Care,Empathy,WGLF,Borrowed,1,PC,
2021-10-16,David,957,Cenobite,Shelter Woods,0,0,14959,0,1,2,Self Care,Empathy,WGLF,Borrowed,1,PC,
2021-10-16,Adam,2039,Deathslinger,Torment Creek,0,3,8958,0,0,2,Deliverance,Decisive Strike,We'll Make It,Autodidact,1,PC,
2021-10-16,David,2059,Legion,Ironworks of Misery,1,3,25023,0,1,2,Self Care,Empathy,WGLF,Borrowed,1,PC,
2021-10-16,David,2119,Hillbilly,Hawkins,0,2,17959,0,0,2,Self Care,Empathy,WGLF,Borrowed,1,PC,
2021-10-17,David,1000,Demogorgon,Ormond,0,,14759,,,1,Self Care,Empathy,WGLF,Borrowed,1,PC,
2021-10-17,David,2202,Oni,Azarov's Resting Place,0,0,13259,0,0,2,Self Care,Empathy,WGLF,Borrowed,1,PC,
2021-10-17,David,2226,Huntress,Temple of Purgation,1,4,27389,0,0,2,Self Care,Empathy,WGLF,Borrowed,1,PC,25 hours on record
2021-10-17,Felix,2246,Wraith,Rancid Abattoir,0,1,13847,0,1,2,Unbreakable,Tenacity,Power Struggle,Flip-Flop,1,PC,
2021-10-17,Felix,2304,Huntress,Father Campbell's Chapel,1,3,19224,0,0,2,Unbreakable,Tenacity,Power Struggle,Flip-Flop,1,PC,
2021-10-18,David,620,Pyramid Head,Ironworks of Misery,1,2,19544,0,2,1,Self Care,Empathy,WGLF,Borrowed,1,PC,
2021-10-18,David,637,Nemesis,Father Campbell's Chapel,0,,17920,,,1,Self Care,Empathy,WGLF,Borrowed,1,PC,
2021-10-18,David,700,Nemesis,Rotten Fields,0,3,19395,0,0,1,Self Care,Empathy,WGLF,Borrowed,1,PC,
2021-10-19,Mikaela,1824,Myers,Badham Preschool,0,0,10651,0,1,2,Circle of Healing,Shadowstep,None,None,1,PC,
2021-10-20,Mikaela,118,Ghostface,Temple of Purgation,0,0,7375,0,0,1,Circle of Healing,Shadowstep,Clairvoyance,None,1,PC,
2021-10-20,Mikaela,134,Legion,Ormond,0,0,17393,0,0,1,Circle of Healing,Shadowstep,Clairvoyance,None,1,PC,Adept
2021-10-20,Mikaela,134,Legion,Ormond,0,0,18763,0,0,1,Circle of Healing,Shadowstep,Up the Ante,None,1,PC,
2021-10-20,Mikaela,257,Huntress,Hawkins,1,3,13566,0,0,1,Circle of Healing,Shadowstep,Up the Ante,None,1,PC,
2021-10-20,Mikaela,309,Cannibal,The Game,0,,9497,,,1,Circle of Healing,Shadowstep,Bond,Self Care,1,PC,
2021-10-20,Meg,329,Hag,Midwich,0,,17529,,,1,Decisive Strike,Unbreakable,Adrenaline,Windows,1,PC,
2021-10-20,Mikaela,355,Ghostface,Family Residence,1,4,21515,0,0,1,Circle of Healing,Shadowstep,Bond,Self Care,1,PC,
2021-10-20,Meg,2125,Clown,Coal Tower,0,0,17326,0,0,2,Decisive Strike,Unbreakable,Adrenaline,Windows,1,PC,
2021-10-20,Meg,2147,Cenobite,Temple of Purgation,0,0,17979,0,0,2,Decisive Strike,Unbreakable,Dead Hard,Windows,1,PC,
2021-10-22,Felix,2140,Pig,Pale Rose,1,3,24508,0,0,2,Decisive Strike,Unbreakable,Dead Hard,Windows,1,PC,
2021-10-22,Felix,2202,Legion,Midwich,0,0,17539,0,0,2,Decisive Strike,Unbreakable,Dead Hard,Windows,1,PC,
2021-10-22,Felix,2221,Huntress,Fractured Cowshed,1,4,13065,1,1,2,Decisive Strike,Unbreakable,Dead Hard,Windows,1,PC,
2021-10-22,Felix,2240,Legion,Haddonfield,1,1,20710,0,0,2,Decisive Strike,Unbreakable,Dead Hard,Windows,1,PC,
2021-10-22,Felix,2256,Cannibal,Blood Lodge,1,1,18238,0,1,2,Fast Track,Stake Out,Better Together,Prove Thyself,1,PC,
2021-10-22,Felix,2314,Legion,Azarov's Resting Place,0,0,15303,0,0,2,Fast Track,Stake Out,Better Together,Prove Thyself,1,PC,
2021-10-22,Felix,2330,Demogorgon,Haddonfield,1,2,21257,0,1,2,Fast Track,Stake Out,Better Together,Prove Thyself,1,PC,
2021-10-22,Felix,2355,Trapper,Temple of Purgation,1,1,24955,0,0,2,Fast Track,Stake Out,Better Together,Prove Thyself,1,PC,
2021-10-24,Felix,7,Doctor,Ormond,1,3,18780,0,0,2,Fast Track,Stake Out,Better Together,Prove Thyself,1,PC,
2021-10-24,Felix,24,Cannibal,Disturbed Ward,0,0,15288,0,1,2,Fast Track,Stake Out,Better Together,Prove Thyself,1,PC,
2021-10-24,Felix,44,Cannibal,Azarov's Resting Place,0,1,18103,0,1,2,Fast Track,Stake Out,Self Care,Spine Chill,1,PC,
2021-10-24,Felix,1211,Doctor,Haddonfield,1,4,16280,0,0,4,Fast Track,Stake Out,Better Together,Prove Thyself,1,PC,
2021-10-24,Felix,1227,Myers,Sanctum of Wrath,1,4,22757,0,0,4,Fast Track,Stake Out,Better Together,Prove Thyself,1,PC,
2021-10-24,Felix,1244,Blight,Groaning Storehouse,1,3,25057,0,0,4,Fast Track,Stake Out,Better Together,Prove Thyself,1,PC,
2021-10-24,Felix,1312,Pig,Treatment Theater,0,0,17564,0,0,4,Fast Track,Stake Out,Better Together,Prove Thyself,1,PC,
2021-10-24,Felix,2234,Huntress,Torment Creek,0,0,17766,0,0,4,Fast Track,Stake Out,Better Together,Prove Thyself,1,PC,
2021-10-27,Mikaela,2047,Cannibal,Hawkins,0,0,9909,0,0,1,Wake Up,Shadowstep,Circle of Healing,Small Game,1,PC,Camping Bubba
2021-10-27,Mikaela,2216,Doctor,Disturbed Ward,0,1,18782,0,0,2,Wake Up,Shadowstep,Circle of Healing,Small Game,1,PC,
2021-10-27,Mikaela,2230,Trapper,Hawkins,1,1,19577,0,0,2,Wake Up,Shadowstep,Circle of Healing,Small Game,1,PC,
2021-10-27,Mikaela,2244,Myers,Hawkins,1,4,15197,0,0,2,Wake Up,Shadowstep,Circle of Healing,Small Game,1,PC,
2021-10-29,Felix,2218,Pig,Hawkins,0,2,22775,0,1,2,Fast Track,Stake Out,Better Together,Prove Thyself,1,PC,
2021-10-29,Felix,2241,Nemesis,Midwich,0,1,21994,0,0,2,Fast Track,Stake Out,Better Together,Prove Thyself,1,PC,
2021-10-29,Felix,2301,Pyramid Head,Mother's Dwelling,1,1,16989,0,1,2,Fast Track,Stake Out,Better Together,Prove Thyself,1,PC,
2021-10-29,Felix,2318,Nurse,Azarov's Resting Place,1,2,17424,0,0,2,Fast Track,Stake Out,Better Together,Prove Thyself,1,PC,
2021-10-29,Felix,2340,Trickster,Shelter Woods,0,0,19841,0,0,2,Fast Track,Stake Out,Better Together,Prove Thyself,1,PC,
2021-10-30,Felix,832,Pig,Sanctum of Wrath,0,0,20439,0,0,2,Fast Track,Stake Out,Small Game,Circle of Healing,1,PC,
2021-10-30,Felix,2020,Doctor,Ormond,1,3,27798,0,0,2,Fast Track,Stake Out,Small Game,Circle of Healing,1,PC,
2021-10-30,Felix,2036,Deathslinger,Midwich,1,2,20619,0,0,2,Fast Track,Stake Out,Small Game,Circle of Healing,1,PC,
2021-10-30,Felix,2055,Deathslinger,Ormond,1,3,29425,0,0,2,Fast Track,Stake Out,Small Game,Circle of Healing,1,PC,
2021-10-30,Felix,2113,Nemesis,Ironworks of Misery,0,0,14636,0,0,2,Fast Track,Stake Out,Small Game,Circle of Healing,1,PC,
2021-10-30,Felix,2132,Twins,Hawkins,1,4,18867,0,0,2,Fast Track,Stake Out,Better Together,Prove Thyself,1,PC,
2021-10-30,Felix,2153,Cannibal,Mother's Dwelling,1,2,14807,0,0,2,Fast Track,Stake Out,Better Together,Prove Thyself,1,PC,
2021-10-30,Felix,2207,Nemesis,Disturbed Ward,0,1,18566,0,0,2,Fast Track,Stake Out,Better Together,Prove Thyself,1,PC,
2021-10-30,Felix,2224,Hillbilly,Ironworks of Misery,1,2,19569,0,0,2,Fast Track,Stake Out,Better Together,Prove Thyself,1,PC,
2021-10-30,Felix,2240,Nemesis,Badham Preschool,1,4,17981,0,0,2,Fast Track,Stake Out,Better Together,Prove Thyself,1,PC,
2021-10-30,Felix,,,,,,,,,2,Fast Track,Stake Out,Better Together,Prove Thyself,1,PC,